PatID,Stage,StageDurM,SpikeOccRate
pat_FR_970,N3,433.5,5.224913494809688
pat_FR_970,N2,970.5,4.410097887686759
pat_FR_970,N1,55.0,3.1636363636363636
pat_FR_970,REM,335.0,4.113432835820896
pat_FR_970,Wake,935.0,8.209625668449197
