PatID,Stage,StageDurM,SpikeOccRate
pat_FR_253,N3,50.0,47.7
pat_FR_253,N2,357.0,32.80952380952381
pat_FR_253,N1,161.5,19.492260061919506
pat_FR_253,REM,201.5,7.672456575682382
pat_FR_253,Wake,2019.5,9.090368903193859
