PatID,Stage,StageDurM,SpikeOccRate
pat_FR_1084,N3,379.5,87.74440052700922
pat_FR_1084,N2,491.5,80.45981688708036
pat_FR_1084,N1,198.5,125.32997481108312
pat_FR_1084,REM,33.5,74.74626865671642
pat_FR_1084,Wake,1668.0,102.7589928057554
