PatID,Stage,StageDurM,SpikeOccRate
pat_FR_1096,N3,85.0,41.36470588235294
pat_FR_1096,N2,401.5,46.70485678704857
pat_FR_1096,N1,182.0,30.04945054945055
pat_FR_1096,REM,152.5,26.124590163934425
pat_FR_1096,Wake,2024.0,14.875
