PatID,Stage,StageDurM,SpikeOccRate
pat_FR_548,N3,132.5,54.15094339622642
pat_FR_548,N2,536.5,45.52469711090401
pat_FR_548,N1,91.0,38.120879120879124
pat_FR_548,REM,174.5,26.303724928366762
pat_FR_548,Wake,1806.5,20.882369222252976
