PatID,Stage,StageDurM,SpikeOccRate
pat_FR_1125,N3,705.5,44.781006378455
pat_FR_1125,N2,475.0,32.153684210526315
pat_FR_1125,N1,20.0,19.8
pat_FR_1125,REM,71.5,27.02097902097902
pat_FR_1125,Wake,1502.5,24.87254575707155
